username,results_limit,n_posts,avg_likes,volume
bywaviboy,150,150,3926.0285714285715,19581933
vinny_creative,143,143,13288.622377622378,28013478
sabrina_ramonov,91,91,5132.197802197802,3689796
starter_story,89,89,784.9325842696629,446461
chase.h.ai,87,87,1217.2988505747126,1849479
aitickerdaily,86,86,515.9069767441861,90917
ericosiu,84,84,36.285714285714285,151258
londonthefriend,84,84,754.952380952381,2117132
marc.kaz,84,84,4235.380952380952,878697
evolving.ai,83,83,27549.710843373494,22189650
angus.sewell,81,81,3822.1234567901233,374850
kerem.tech,81,81,1521.2222222222222,4590725
mrnotion.co,80,80,1018.325,115738
howtogofreelance,76,76,593.5394736842105,491161
zigzagprompts,63,63,5967.9047619047615,4185225
lukas.mullen,61,61,3535.098360655738,6254099
jason.yslai,60,60,546.9166666666666,1283223
steven.builds,60,60,948.1833333333333,2068581
ceozac,55,55,344.8181818181818,871124
stephgorton__,48,48,181.375,201402
bonesdesign.co,20,20,13.85,440
mk.ngu,20,20,91.95,56611
epicmotion,19,19,3.0,21990
holke79,19,19,656.578947368421,43069
digitalprocess,17,17,31.647058823529413,566
creation.visuals,16,16,62.875,44805
timfrey__,13,13,125.6923076923077,85301
cache_bunny,9,9,32863.11111111111,2968025
daniel.margu,9,9,1820.2222222222222,425468
electroformaint,9,9,431.1111111111111,13437
advanceddesign,6,6,1.1666666666666667,34
seth.fiilms,4,4,35.0,3950
zbake22,4,4,241.75,1026
beverlyhillsaerials,3,3,3970.3333333333335,423336
blakeandersonw,3,3,812.0,124483
byjackprice,3,3,2253.6666666666665,168179
cooper.simson,3,3,7587.666666666667,1445817
florian.darroman,3,3,2984.3333333333335,268584
githubsignals,3,3,930.6666666666666,139454
iamchrischung,3,3,1045.0,164482
itsdanktre,3,3,29.333333333333332,3411
jens.heitmann,3,3,13346.666666666666,1425132
personalbrandlaunch,3,3,9006.666666666666,975122
raycfu,3,3,17843.666666666668,2205911
seanwerbowskii,3,3,25685.0,2541561
sonderingemily,3,3,20706.333333333332,62304
sourcetms,3,3,7786.0,691053
steveofallstreets,3,3,83.33333333333333,13467
tenfoldmarc,3,3,13130.333333333334,1452140
_zuzudiary,2,2,1590.0,130244
adamdelduca,2,2,3793.0,418623
adrien.ninet,2,2,19534.5,422164
aiconsumer,2,2,0.0,1
alexandersgirbu,2,2,5315.5,525970
andrewwarner,2,2,452.0,79602
atlasberry008,2,2,918.5,47128
canam3wheel,2,2,2542.5,163368
charlieautomates,2,2,1251.0,376838
cjtrowbridge,2,2,2789.0,119759
crsnscott,2,2,2232.0,146968
daniel.margusov,2,2,3.0,86
design4me__,2,2,6042.5,274223
divyannshisharma,2,2,1108.5,3923
ethanjbothwell,2,2,13482.5,707562
fpm.stefan,2,2,1669.5,127325
growchannels,2,2,,2687
harrysandersseo,2,2,499.0,62629
haydenschmitty,2,2,202.5,20310
heytony.agency,2,2,1443.0,295554
hormozi,2,2,53638.0,1889228
itsmorgansanner,2,2,6824.0,17054
jake.coppen,2,2,482.5,32860
jeremyfindsai,2,2,40963.0,1548932
jonmorgenstern,2,2,198.0,20903
kalypsodesigns,2,2,1799.5,3606
keshavsuki,2,2,2671.5,258850
koen_salo,2,2,4508.5,446783
linalikesmoney,2,2,16353.0,2260957
lnwmediagroup,2,2,11022.0,1031369
lukaspakter,2,2,438.0,51070
marcinteodoru,2,2,4346.0,328190
mavenhq,2,2,1682.5,170928
maxtalkstech_,2,2,2613.0,239599
namedotcom,2,2,56967.5,1728936
nat.lucyy,2,2,1865.5,138776
nick_saraev,2,2,4049.5,339329
ohneis652,2,2,9434.0,250147
okaashish,2,2,2487.0,6508
pat.berlinquette,2,2,18260.0,890409
poli_notes,2,2,2568.5,505384
rammcodes_,2,2,4377.5,286377
regina__by,2,2,1432.0,680715
ryan.bartkiewicz,2,2,2440.5,181647
shrug.manny,2,2,28631.0,1237308
sociyell,2,2,2964.5,6762
startupsphereco,2,2,1140.5,99010
stics.ai,2,2,5556.0,11334
this.girl.tech,2,2,3379.0,6835
wassimyounes_,2,2,1372.5,116810
wehavethedata,2,2,2426.0,5030
wutronicai,2,2,379.0,37690
212fitnesscoaching,1,1,40498.0,1114198
animee_recon,1,1,144817.0,2913694
arianeanusbigian,1,1,3.0,17
artificialintelligencecountry,1,1,,1535728
asteriskcreate,1,1,45579.0,1671811
blackbritishculture,1,1,170971.0,5349354
cassandravantriet,1,1,67.0,4280
chupumballs,1,1,104163.0,1402420
coachkyle,1,1,68253.0,1356046
colinstuckert,1,1,38063.0,1795821
communityartistry,1,1,68.0,3265
cormacbuilds,1,1,53296.0,1602910
creatorgabe,1,1,31147.0,1943893
danontheguitar,1,1,184969.0,1620075
devinmargan,1,1,128908.0,3510223
drunksewingcompetition,1,1,198431.0,2798552
edit.party,1,1,3002.0,94102
erinmerylstudy,1,1,55951.0,1236884
fakeplasticbrands,1,1,131086.0,2645387
girsta,1,1,30009.0,4308329
iggykos,1,1,33185.0,1408699
ihannahwilson,1,1,42412.0,1186671
insta360,1,1,6328.0,269013
itsadamitka,1,1,6253881.0,103212607
jackorrofficial,1,1,41044.0,1317396
jaimefilerfitness,1,1,526.0,665
juhibhatia_globalrecruiter,1,1,15529.0,2647527
jvredcapo,1,1,54503.0,2281628
kienobifilms,1,1,93507.0,6159496
lizthedeveloper,1,1,110413.0,1330922
lola.malins,1,1,1283319.0,62120812
magnus.aka,1,1,58204.0,1049875
marketingatg,1,1,21.0,22
mohammad_apu_,1,1,3637125.0,246529296
olympics,1,1,13884.0,453325
oscar.d.lam,1,1,81432.0,1203419
phamm.mp4,1,1,50393.0,2171163
porsche,1,1,61624.0,1332330
radovantravels,1,1,278486.0,3361457
ryanchriscreates,1,1,4985.0,138402
ryanlpeterman,1,1,56041.0,2233679
saaralampwalla,1,1,91.0,3602
seanald_connery,1,1,495943.0,5485574
seenoevillondon,1,1,139.0,141
simond,1,1,56412.0,1334576
techwitharia,1,1,794.0,1252
thehustledaily,1,1,55.0,62
travelarrowapp,1,1,182405.0,8020056
travelingnurselex,1,1,180874.0,2685072
upflip,1,1,43401.0,3968068
upgradingkatie,1,1,22463.0,3454914
vivianbraha,1,1,69.0,2734
webwiz.visuals,1,1,54077.0,2516216
